gemeentecode,veiligheidsregio_code,dac_code
3,1,DAC01
10,1,DAC01
14,1,DAC01
1966,1,DAC01
24,1,DAC01
1952,1,DAC01
1895,1,DAC01
765,1,DAC01
37,1,DAC01
47,1,DAC01
1969,1,DAC01
1950,1,DAC01
59,2,DAC02
60,2,DAC02
1891,2,DAC02
1940,2,DAC02
72,2,DAC02
74,2,DAC02
80,2,DAC02
1970,2,DAC02
85,2,DAC02
86,2,DAC02
88,2,DAC02
90,2,DAC02
1900,2,DAC02
93,2,DAC02
737,2,DAC02
96,2,DAC02
1949,2,DAC02
98,2,DAC02
1680,3,DAC03
106,3,DAC03
1681,3,DAC03
109,3,DAC03
114,3,DAC03
118,3,DAC03
119,3,DAC03
1731,3,DAC03
1699,3,DAC03
1730,3,DAC03
1701,3,DAC03
1690,3,DAC03
148,4,DAC04
150,4,DAC04
160,4,DAC04
166,4,DAC04
1773,4,DAC04
175,4,DAC04
177,4,DAC04
180,4,DAC04
1708,4,DAC04
1896,4,DAC04
193,4,DAC04
141,5,DAC05
147,5,DAC05
1774,5,DAC05
153,5,DAC05
158,5,DAC05
163,5,DAC05
164,5,DAC05
1735,5,DAC05
168,5,DAC05
173,5,DAC05
1742,5,DAC05
183,5,DAC05
1700,5,DAC05
189,5,DAC05
197,6,DAC06
200,6,DAC06
1859,6,DAC06
1876,6,DAC06
213,6,DAC06
222,6,DAC06
230,6,DAC06
232,6,DAC06
233,6,DAC06
243,6,DAC06
244,6,DAC06
246,6,DAC06
262,6,DAC06
1955,6,DAC06
302,6,DAC06
269,6,DAC06
1586,6,DAC06
1509,6,DAC06
273,6,DAC06
285,6,DAC06
294,6,DAC06
301,6,DAC06
202,7,DAC07
203,7,DAC07
221,7,DAC07
226,7,DAC07
228,7,DAC07
1705,7,DAC07
267,7,DAC07
1734,7,DAC07
274,7,DAC07
275,7,DAC07
277,7,DAC07
279,7,DAC07
289,7,DAC07
293,7,DAC07
299,7,DAC07
1945,8,DAC08
209,8,DAC08
214,8,DAC08
216,8,DAC08
225,8,DAC08
252,8,DAC08
263,8,DAC08
1740,8,DAC08
268,8,DAC08
281,8,DAC08
1960,8,DAC08
668,8,DAC08
296,8,DAC08
297,8,DAC08
307,9,DAC09-14
308,9,DAC09-14
310,9,DAC09-14
312,9,DAC09-14
313,9,DAC09-14
317,9,DAC09-14
321,9,DAC09-14
353,9,DAC09-14
327,9,DAC09-14
331,9,DAC09-14
335,9,DAC09-14
356,9,DAC09-14
589,9,DAC09-14
339,9,DAC09-14
340,9,DAC09-14
736,9,DAC09-14
342,9,DAC09-14
1904,9,DAC09-14
344,9,DAC09-14
1581,9,DAC09-14
345,9,DAC09-14
1961,9,DAC09-14
352,9,DAC09-14
632,9,DAC09-14
351,9,DAC09-14
355,9,DAC09-14
361,10,DAC10-11
373,10,DAC10-11
383,10,DAC10-11
498,10,DAC10-11
388,10,DAC10-11
398,10,DAC10-11
399,10,DAC10-11
400,10,DAC10-11
1911,10,DAC10-11
405,10,DAC10-11
1598,10,DAC10-11
416,10,DAC10-11
420,10,DAC10-11
432,10,DAC10-11
441,10,DAC10-11
532,10,DAC10-11
448,10,DAC10-11
370,11,DAC10-11
385,11,DAC10-11
415,11,DAC10-11
431,11,DAC10-11
439,11,DAC10-11
852,11,DAC10-11
880,11,DAC10-11
479,11,DAC10-11
375,12,DAC12
377,12,DAC12
392,12,DAC12
394,12,DAC12
396,12,DAC12
397,12,DAC12
450,12,DAC12
453,12,DAC12
473,12,DAC12
358,13,DAC13
362,13,DAC13
363,13,DAC13
384,13,DAC13
437,13,DAC13
451,13,DAC13
376,14,DAC09-14
1942,14,DAC09-14
402,14,DAC09-14
406,14,DAC09-14
417,14,DAC09-14
457,14,DAC09-14
1696,14,DAC09-14
503,15,DAC15
518,15,DAC15
1916,15,DAC15
1842,15,DAC15
1926,15,DAC15
603,15,DAC15
629,15,DAC15
1783,15,DAC15
637,15,DAC15
484,16,DAC16
1901,16,DAC16
513,16,DAC16
534,16,DAC16
1884,16,DAC16
537,16,DAC16
1931,16,DAC16
546,16,DAC16
547,16,DAC16
553,16,DAC16
569,16,DAC16
575,16,DAC16
579,16,DAC16
1525,16,DAC16
626,16,DAC16
627,16,DAC16
638,16,DAC16
1892,16,DAC16
613,17,DAC17
489,17,DAC17
501,17,DAC17
502,17,DAC17
1924,17,DAC17
530,17,DAC17
542,17,DAC17
1621,17,DAC17
556,17,DAC17
1930,17,DAC17
597,17,DAC17
599,17,DAC17
606,17,DAC17
622,17,DAC17
614,17,DAC17
482,18,DAC18
505,18,DAC18
512,18,DAC18
523,18,DAC18
531,18,DAC18
1963,18,DAC18
1978,18,DAC18
590,18,DAC18
610,18,DAC18
642,18,DAC18
654,19,DAC19
664,19,DAC19
677,19,DAC19
678,19,DAC19
687,19,DAC19
1695,19,DAC19
703,19,DAC19
1676,19,DAC19
1714,19,DAC19
715,19,DAC19
716,19,DAC19
717,19,DAC19
718,19,DAC19
1723,20,DAC20
1959,20,DAC20
744,20,DAC20
748,20,DAC20
758,20,DAC20
766,20,DAC20
1719,20,DAC20
777,20,DAC20
779,20,DAC20
784,20,DAC20
785,20,DAC20
1655,20,DAC20
798,20,DAC20
809,20,DAC20
1709,20,DAC20
824,20,DAC20
826,20,DAC20
1674,20,DAC20
840,20,DAC20
851,20,DAC20
855,20,DAC20
867,20,DAC20
873,20,DAC20
879,20,DAC20
1721,21,DAC21
755,21,DAC21
756,21,DAC21
757,21,DAC21
1684,21,DAC21
786,21,DAC21
788,21,DAC21
796,21,DAC21
797,21,DAC21
1685,21,DAC21
1948,21,DAC21
815,21,DAC21
828,21,DAC21
1702,21,DAC21
845,21,DAC21
856,21,DAC21
865,21,DAC21
743,22,DAC22
1724,22,DAC22
753,22,DAC22
1728,22,DAC22
1706,22,DAC22
762,22,DAC22
770,22,DAC22
772,22,DAC22
1771,22,DAC22
1652,22,DAC22
1658,22,DAC22
794,22,DAC22
1659,22,DAC22
820,22,DAC22
823,22,DAC22
1667,22,DAC22
847,22,DAC22
848,22,DAC22
858,22,DAC22
861,22,DAC22
866,22,DAC22
889,23,DAC23
893,23,DAC23
1711,23,DAC23
907,23,DAC23
1507,23,DAC23
1640,23,DAC23
1641,23,DAC23
944,23,DAC23
946,23,DAC23
1894,23,DAC23
1669,23,DAC23
957,23,DAC23
983,23,DAC23
984,23,DAC23
988,23,DAC23
888,24,DAC24
1954,24,DAC24
899,24,DAC24
1903,24,DAC24
1729,24,DAC24
917,24,DAC24
928,24,DAC24
882,24,DAC24
935,24,DAC24
938,24,DAC24
965,24,DAC24
1883,24,DAC24
971,24,DAC24
981,24,DAC24
994,24,DAC24
986,24,DAC24
34,25,DAC25
303,25,DAC25
995,25,DAC25
171,25,DAC25
184,25,DAC25
50,25,DAC25
